-- MySQL dump 10.13  Distrib 8.0.33, for Win64 (x86_64)
--
-- Host: localhost    Database: nasa
-- ------------------------------------------------------
-- Server version	8.0.33

/*!40101 SET @OLD_CHARACTER_SET_CLIENT=@@CHARACTER_SET_CLIENT */;
/*!40101 SET @OLD_CHARACTER_SET_RESULTS=@@CHARACTER_SET_RESULTS */;
/*!40101 SET @OLD_COLLATION_CONNECTION=@@COLLATION_CONNECTION */;
/*!50503 SET NAMES utf8mb4 */;
/*!40103 SET @OLD_TIME_ZONE=@@TIME_ZONE */;
/*!40103 SET TIME_ZONE='+00:00' */;
/*!40014 SET @OLD_UNIQUE_CHECKS=@@UNIQUE_CHECKS, UNIQUE_CHECKS=0 */;
/*!40014 SET @OLD_FOREIGN_KEY_CHECKS=@@FOREIGN_KEY_CHECKS, FOREIGN_KEY_CHECKS=0 */;
/*!40101 SET @OLD_SQL_MODE=@@SQL_MODE, SQL_MODE='NO_AUTO_VALUE_ON_ZERO' */;
/*!40111 SET @OLD_SQL_NOTES=@@SQL_NOTES, SQL_NOTES=0 */;

--
-- Table structure for table `locations`
--

DROP TABLE IF EXISTS `locations`;
/*!40101 SET @saved_cs_client     = @@character_set_client */;
/*!50503 SET character_set_client = utf8mb4 */;
CREATE TABLE `locations` (
  `id` int NOT NULL AUTO_INCREMENT,
  `planet` int DEFAULT NULL,
  `tourist_rating` decimal(2,1) DEFAULT NULL,
  `price` decimal(15,0) DEFAULT NULL,
  `description` text,
  `name` varchar(20) DEFAULT NULL,
  `hotels` int DEFAULT NULL,
  `hospitals` int DEFAULT NULL,
  `tourist_attractions` int DEFAULT NULL,
  `spaceports` int DEFAULT NULL,
  `activities` text,
  `entertainment` text,
  `climate` text,
  `events` text,
  PRIMARY KEY (`id`),
  KEY `planet` (`planet`),
  CONSTRAINT `locations_ibfk_1` FOREIGN KEY (`planet`) REFERENCES `planets` (`id`)
) ENGINE=InnoDB AUTO_INCREMENT=31 DEFAULT CHARSET=utf8mb4 COLLATE=utf8mb4_0900_ai_ci;
/*!40101 SET character_set_client = @saved_cs_client */;

--
-- Dumping data for table `locations`
--

LOCK TABLES `locations` WRITE;
/*!40000 ALTER TABLE `locations` DISABLE KEYS */;
INSERT INTO `locations` VALUES (1,1,4.5,400000000,'Welcome to the Great Red Spot, a mesmerizing masterpiece on Jupiter that beckons you on a virtual odyssey through the cosmos! This colossal anticyclonic storm, three times the size of Earth, swirls in vibrant hues, captivating your senses with its mysterious allure. Unravel the secrets of this iconic storm, discovering its turbulent winds and intricate cloud patterns against the backdrop of Jupiter?s colossal atmosphere. Our immersive space tourism experience offers a front-row seat to this awe-inspiring phenomenon, providing an unforgettable journey that expands your horizons and deepens your connection with the wonders of the universe. Prepare to be spellbound by the grandeur of the Great Red Spot, a celestial marvel that will leave you in awe of the vast and breathtaking beauty of our solar system.','Great Red Spot',7,1,9,1,'Sightseeing the majestic storms, marveling at the mesmerizing cloud formations, capturing breathtaking photos of the turbulent atmosphere, experiencing the thrill of witnessing atmospheric drama, and feeling the awe of standing in the midst of cosmic spectacle.','Sky diving, Para Gliding','Whirlwind, turbulent, tempestuous, tumultuous, chaotic, unpredictable, fierce, cyclonic, raging, tumultuous, turbulent, atmospheric mayhem.','Great aurora, solar eclipse'),(2,1,4.2,369000000,'Prepare to be captivated by Io, one of Jupiter\'s mesmerizing moons, on our extraordinary space tourism adventure. Known as the most volcanically active body in our solar system, Io boasts a surreal landscape dotted with erupting volcanoes and colorful sulfur plumes. As you glide over its surface, marvel at the dramatic geysers that shoot into the cosmic abyss, painting the moon with vibrant hues against the backdrop of Jupiter\'s colossal presence. Explore the mysteries of Io\'s intense geological activity, shaped by the gravitational forces of its parent planet. Our immersive tour allows you to witness firsthand the raw power of nature, providing a front-row seat to the captivating spectacle of this otherworldly world. Experience Io\'s breathtaking beauty and unearth the secrets of its tumultuous terrain, making your journey through the cosmos truly unforgettable.','Io',14,3,18,2,'Sightseeing the majestic storms, marveling at the mesmerizing cloud formations, capturing breathtaking photos of the turbulent atmosphere, experiencing the thrill of witnessing atmospheric drama, and feeling the awe of standing in the midst of cosmic spectacle.','Sky diving, Para Gliding','Whirlwind, turbulent, tempestuous, tumultuous, chaotic, unpredictable, fierce, cyclonic, raging, tumultuous, turbulent, atmospheric mayhem.','Great aurora, solar eclipse'),(3,1,4.9,388000420,'Welcome to Europa, a moon that beckons intrepid space explorers with the promise of an extraordinary adventure. Beneath its icy surface lies a hidden ocean, making it one of the most tantalizing destinations for space enthusiasts. Imagine skating over miles of smooth ice, with glimpses of mysterious cracks hinting at the ocean\'s depths below. Europa\'s enigmatic surface features intricate patterns, created by the interplay of ice and geological activity. Join our space tourism expedition to marvel at the moon\'s unique geological formations and perhaps catch a glimpse of the elusive plumes of water vapor that hint at its subsurface ocean. Be prepared to be astonished by Europa\'s potential for extraterrestrial life, as scientists believe the ocean beneath its icy crust could harbor the conditions for living organisms. Experience the thrill of exploring a world where icy mysteries and the possibility of life collide, making Europa an unmissable destination in our cosmic journey.','Europa',12,1,16,1,'Sightseeing the majestic storms, marveling at the mesmerizing cloud formations, capturing breathtaking photos of the turbulent atmosphere, experiencing the thrill of witnessing atmospheric drama, and feeling the awe of standing in the midst of cosmic spectacle.','Sky diving, Para Gliding','Whirlwind, turbulent, tempestuous, tumultuous, chaotic, unpredictable, fierce, cyclonic, raging, tumultuous, turbulent, atmospheric mayhem.','Great aurora, solar eclipse'),(4,1,3.8,279852147,'Welcome to Callisto, the serene and ancient moon of Jupiter, where time seems to stand still amidst the vastness of space. This celestial oasis, with its cratered landscape and rugged terrains, offers a tranquil escape into the heart of the solar system\'s largest planet. Imagine walking on the untouched surface, surrounded by countless impact scars that tell the story of eons gone by. Callisto\'s icy plains and towering cliffs create an otherworldly panorama, inviting travelers to immerse themselves in the cosmic beauty of the universe. Join our space tourism expedition to witness the quiet majesty of Callisto, a moon that embodies the spirit of timeless exploration. Experience the thrill of gazing upon the same landscapes that have fascinated astronomers for centuries and uncover the secrets of this captivating moon in the vast tapestry of Jupiter\'s celestial wonders.','Callisto',13,3,15,1,'Sightseeing the majestic storms, marveling at the mesmerizing cloud formations, capturing breathtaking photos of the turbulent atmosphere, experiencing the thrill of witnessing atmospheric drama, and feeling the awe of standing in the midst of cosmic spectacle.','Sky diving, Para Gliding','Whirlwind, turbulent, tempestuous, tumultuous, chaotic, unpredictable, fierce, cyclonic, raging, tumultuous, turbulent, atmospheric mayhem.','Great aurora, solar eclipse'),(5,2,4.6,368000000,'Caloris Basin is one of Mercury\'s most prominent and striking features, known for being one of the largest impact basins in our solar system. This enormous basin, approximately 1,550 kilometers (960 miles) in diameter, was formed by a cataclysmic asteroid or comet impact billions of years ago. What sets Caloris Basin apart is its distinctive concentric rings of mountains that encircle its central depression, creating a visually stunning and intricate landscape. The basin\'s floor also exhibits a variety of geological features, including smooth plains and fractures, offering insights into Mercury\'s complex geological history. Caloris Basin\'s study has been instrumental in understanding the processes of planetary formation and impact cratering in the early solar system, making it a significant focus of planetary research and exploration.','Caloris Basin',11,1,12,2,'Sightseeing the majestic storms, marveling at the mesmerizing cloud formations, capturing breathtaking photos of the turbulent atmosphere, experiencing the thrill of witnessing atmospheric drama, and feeling the awe of standing in the midst of cosmic spectacle.','Sky diving, Para Gliding','Whirlwind, turbulent, tempestuous, tumultuous, chaotic, unpredictable, fierce, cyclonic, raging, tumultuous, turbulent, atmospheric mayhem.','Great aurora, solar eclipse'),(6,2,3.8,312000000,'Mercury, the innermost planet in our solar system, features extensive geological features known as scarps and rupes. Scarps are long cliffs or escarpments, while rupes are fault-line cliffs. These features are a result of the planet\'s shrinking and cooling over billions of years. The scarps and rupes on Mercury can stretch for hundreds of kilometers and rise as high as a kilometer. They provide valuable geological insights into the planet\'s history and its dynamic evolution. These geological features are evidence of Mercury\'s contraction, where the planet\'s interior cooled, causing its crust to wrinkle and buckle, creating the prominent scarps and rupes we observe today. Studying these formations helps scientists understand the processes that have shaped Mercury\'s surface over geological time scales.','Scrapes and Rupes',12,1,13,1,'Sightseeing the majestic storms, marveling at the mesmerizing cloud formations, capturing breathtaking photos of the turbulent atmosphere, experiencing the thrill of witnessing atmospheric drama, and feeling the awe of standing in the midst of cosmic spectacle.','Sky diving, Para Gliding','Whirlwind, turbulent, tempestuous, tumultuous, chaotic, unpredictable, fierce, cyclonic, raging, tumultuous, turbulent, atmospheric mayhem.','Great aurora, solar eclipse'),(7,2,4.4,360000000,'Kuiper is a distinctive impact crater on Mercury, known for its complex and multi-ring structure. It\'s approximately 61 miles (98 kilometers) in diameter and displays a central peak rising from its floor. The multiple concentric rings surrounding the central peak make Kuiper a visually intriguing feature on Mercury\'s surface. Kuiper is believed to have formed early in Mercury\'s history due to a powerful impact event. The subsequent geological processes have partially filled in the crater over time, altering its appearance. Studying craters like Kuiper provides insights into Mercury\'s ancient history and the dynamics of impact cratering on the planet\'s surface.','Kuiper',6,2,11,1,'Sightseeing the majestic storms, marveling at the mesmerizing cloud formations, capturing breathtaking photos of the turbulent atmosphere, experiencing the thrill of witnessing atmospheric drama, and feeling the awe of standing in the midst of cosmic spectacle.','Sky diving, Para Gliding','Whirlwind, turbulent, tempestuous, tumultuous, chaotic, unpredictable, fierce, cyclonic, raging, tumultuous, turbulent, atmospheric mayhem.','Great aurora, solar eclipse'),(8,4,3.0,4200000,'Mawrth Vallis, a Martian valley system in Arabia Terra, stands as a testament to Mars\' geological history. Its channels and layered rocks suggest ancient water flow, sparking scientific interest. Notably, it\'s rich in clay minerals, such as phyllosilicates, formed in the presence of water, holding potential clues to Mars\' past habitability and the preservation of organic compounds. Mars Express and Mars Reconnaissance Orbiter have closely studied Mawrth Vallis from orbit, contributing to our understanding of the planet\'s evolution. This valley is a crucial piece of the puzzle as we unravel Mars\' complex past and explore the possibility of life beyond Earth.','Mawrth Vallis',10,1,9,2,'Sightseeing the majestic storms, marveling at the mesmerizing cloud formations, capturing breathtaking photos of the turbulent atmosphere, experiencing the thrill of witnessing atmospheric drama, and feeling the awe of standing in the midst of cosmic spectacle.','Sky diving, Para Gliding','Whirlwind, turbulent, tempestuous, tumultuous, chaotic, unpredictable, fierce, cyclonic, raging, tumultuous, turbulent, atmospheric mayhem.','Great aurora, solar eclipse'),(9,4,4.0,5800000,'The Bacquerel Crater on Mars is a prominent impact crater located in the southern hemisphere of the planet. It was named after the French physicist Henri Becquerel, who made significant contributions to the field of radioactivity. The crater measures approximately 204 kilometers (127 miles) in diameter and is notable for its well-defined rim and central peak, which is a common feature in large impact craters. Bacquerel Crater provides valuable insights into the geologic history of Mars, as it has undergone various processes of erosion and sedimentation over millions of years. Studying craters like Bacquerel helps scientists better understand the planet\'s surface and its geological evolution, providing crucial data for Martian research missions.','Bacquerel Crator',10,3,14,1,'Sightseeing the majestic storms, marveling at the mesmerizing cloud formations, capturing breathtaking photos of the turbulent atmosphere, experiencing the thrill of witnessing atmospheric drama, and feeling the awe of standing in the midst of cosmic spectacle.','Sky diving, Para Gliding','Whirlwind, turbulent, tempestuous, tumultuous, chaotic, unpredictable, fierce, cyclonic, raging, tumultuous, turbulent, atmospheric mayhem.','Great aurora, solar eclipse'),(10,4,4.6,8000000,'The polar ice caps of Mars are among the planet\'s most distinctive features. Located at both the north and south poles, these ice caps consist of water and carbon dioxide (dry ice). During Martian winters, they grow significantly as temperatures drop, covering the polar regions with a thick layer of frost and ice. In the southern hemisphere, the polar cap can expand to cover an area larger than the continental United States. These ice caps are dynamic, with seasonal changes that result in the appearance of intricate patterns and layers of ice, making them visually stunning. Additionally, the study of these polar ice caps provides valuable insights into Mars\' climate history and its potential as a source of water for future human missions, as unlocking the secrets of these frigid regions is a priority for future exploration of the Red Planet.','Polar Ice Caps',17,2,14,2,'Sightseeing the majestic storms, marveling at the mesmerizing cloud formations, capturing breathtaking photos of the turbulent atmosphere, experiencing the thrill of witnessing atmospheric drama, and feeling the awe of standing in the midst of cosmic spectacle.','Sky diving, Para Gliding','Whirlwind, turbulent, tempestuous, tumultuous, chaotic, unpredictable, fierce, cyclonic, raging, tumultuous, turbulent, atmospheric mayhem.','Great aurora, solar eclipse'),(11,4,4.8,7300000,'Promethei Planum is a prominent highland plain on the southern hemisphere of Mars. This region is characterized by its relatively flat terrain and unique geological features. It\'s notable for the presence of large impact craters and ancient river valleys, indicating past water activity in the area. Promethei Planum\'s geological history and the interactions between water and the Martian surface make it an intriguing location for scientific study. Understanding the planet\'s history, especially in regions like Promethei Planum, is essential for unraveling the mysteries of Mars\' past climate and potential habitability.','Promethei Planum',18,3,10,2,'Sightseeing the majestic storms, marveling at the mesmerizing cloud formations, capturing breathtaking photos of the turbulent atmosphere, experiencing the thrill of witnessing atmospheric drama, and feeling the awe of standing in the midst of cosmic spectacle.','Sky diving, Para Gliding','Whirlwind, turbulent, tempestuous, tumultuous, chaotic, unpredictable, fierce, cyclonic, raging, tumultuous, turbulent, atmospheric mayhem.','Great aurora, solar eclipse'),(12,4,4.9,9200000,'Olympus Mons is the tallest volcano in the solar system, situated on the Martian surface. It stands at a staggering height of approximately 72,000 feet (21.9 kilometers), making it nearly three times taller than Mount Everest, Earth\'s highest peak. This immense shield volcano is characterized by its gently sloping flanks and a massive caldera at its summit, which spans approximately 50 miles (80 kilometers) across. Olympus Mons\' formation is thought to have been driven by ancient volcanic activity on Mars, and its colossal size is a testament to the planet\'s unique geological history. While it remains dormant today, it serves as a captivating feature on the Martian landscape.','Olympus Mons',19,2,11,1,'Sightseeing the majestic storms, marveling at the mesmerizing cloud formations, capturing breathtaking photos of the turbulent atmosphere, experiencing the thrill of witnessing atmospheric drama, and feeling the awe of standing in the midst of cosmic spectacle.','Sky diving, Para Gliding','Whirlwind, turbulent, tempestuous, tumultuous, chaotic, unpredictable, fierce, cyclonic, raging, tumultuous, turbulent, atmospheric mayhem.','Great aurora, solar eclipse'),(13,5,4.2,247000000,'Saturn\'s hexagon is a remarkable atmospheric feature located at its north pole. It\'s an enormous, persistent cloud pattern with a striking hexagonal shape. This unique and geometrically precise formation was first observed by NASA\'s Voyager spacecraft in the early 1980s and later studied extensively by the Cassini spacecraft. The hexagon is composed of high-speed winds that whip around Saturn\'s polar region, creating a hexagonal jet stream. Scientists are still studying the exact mechanisms that give rise to this distinctive pattern. The hexagon\'s stability and symmetry make it one of the most intriguing and enigmatic features in the solar system, and it continues to captivate researchers seeking to understand the dynamics of Saturn\'s atmosphere.','Hexagon',7,3,15,1,'Sightseeing the majestic storms, marveling at the mesmerizing cloud formations, capturing breathtaking photos of the turbulent atmosphere, experiencing the thrill of witnessing atmospheric drama, and feeling the awe of standing in the midst of cosmic spectacle.','Sky diving, Para Gliding','Whirlwind, turbulent, tempestuous, tumultuous, chaotic, unpredictable, fierce, cyclonic, raging, tumultuous, turbulent, atmospheric mayhem.','Great aurora, solar eclipse'),(14,5,4.2,311000000,'Rhea is one of Saturn\'s largest moons and holds several unique distinctions. It is primarily composed of ice and rock and has a diameter of about 949 miles (1,527 kilometers). Rhea is known for its bright, icy surface, which is heavily cratered, indicating a long history of impacts. One of Rhea\'s most intriguing features is a large, round crater named Inktomi, which has a central peak that rises almost a mile above the crater floor. Rhea also possesses a very tenuous atmosphere, primarily composed of oxygen and carbon dioxide. This moon has been a target of study for spacecraft like Cassini, which revealed new insights into its geological and physical characteristics. While Rhea may not be as famous as some of Saturn\'s other moons, its unique features and history continue to interest planetary scientists.','Rhea',7,1,16,2,'Sightseeing the majestic storms, marveling at the mesmerizing cloud formations, capturing breathtaking photos of the turbulent atmosphere, experiencing the thrill of witnessing atmospheric drama, and feeling the awe of standing in the midst of cosmic spectacle.','Sky diving, Para Gliding','Whirlwind, turbulent, tempestuous, tumultuous, chaotic, unpredictable, fierce, cyclonic, raging, tumultuous, turbulent, atmospheric mayhem.','Great aurora, solar eclipse'),(15,5,4.5,428000000,'Enceladus, one of Saturn\'s remarkable moons, is renowned for its geysers of water vapor and icy particles erupting from its south polar region. These plumes suggest the presence of a subsurface ocean beneath its icy crust, making it a prime target for the search for extraterrestrial life. This moon is relatively small, with a diameter of about 313 miles (504 kilometers), but it plays an outsized role in our understanding of planetary science. Enceladus\' icy surface reflects nearly all sunlight, giving it a dazzling appearance. NASA\'s Cassini spacecraft discovered the plumes, and subsequent missions have further studied this intriguing moon. Enceladus continues to captivate scientists and space enthusiasts alike as they explore the possibility of a subsurface ocean and its implications for astrobiology.','Enceladus',8,1,14,2,'Sightseeing the majestic storms, marveling at the mesmerizing cloud formations, capturing breathtaking photos of the turbulent atmosphere, experiencing the thrill of witnessing atmospheric drama, and feeling the awe of standing in the midst of cosmic spectacle.','Sky diving, Para Gliding','Whirlwind, turbulent, tempestuous, tumultuous, chaotic, unpredictable, fierce, cyclonic, raging, tumultuous, turbulent, atmospheric mayhem.','Great aurora, solar eclipse'),(16,5,4.5,397600000,'Enceladus, one of Saturn\'s remarkable moons, is renowned for its geysers of water vapor and icy particles erupting from its south polar region. These plumes suggest the presence of a subsurface ocean beneath its icy crust, making it a prime target for the search for extraterrestrial life. This moon is relatively small, with a diameter of about 313 miles (504 kilometers), but it plays an outsized role in our understanding of planetary science. Enceladus\' icy surface reflects nearly all sunlight, giving it a dazzling appearance. NASA\'s Cassini spacecraft discovered the plumes, and subsequent missions have further studied this intriguing moon. Enceladus continues to captivate scientists and space enthusiasts alike as they explore the possibility of a subsurface ocean and its implications for astrobiology.','South Pole Geysers',18,1,12,2,'Sightseeing the majestic storms, marveling at the mesmerizing cloud formations, capturing breathtaking photos of the turbulent atmosphere, experiencing the thrill of witnessing atmospheric drama, and feeling the awe of standing in the midst of cosmic spectacle.','Sky diving, Para Gliding','Whirlwind, turbulent, tempestuous, tumultuous, chaotic, unpredictable, fierce, cyclonic, raging, tumultuous, turbulent, atmospheric mayhem.','Great aurora, solar eclipse'),(17,5,4.8,480000000,'Titan is Saturn\'s largest moon and one of the most fascinating bodies in the solar system. It is the only moon known to have a thick atmosphere, primarily composed of nitrogen, with traces of methane and other gases. Titan\'s surface is shrouded in a dense, hazy atmosphere that obscures direct views of the moon\'s terrain. What makes Titan particularly intriguing is its methane lakes and rivers, making it the only celestial body other than Earth where liquid flows on the surface. The Cassini-Huygens mission provided detailed information about Titan, revealing diverse geological features, including mountains, dunes, and vast expanses of icy plains. The presence of these liquid hydrocarbons and the potential for subsurface oceans have fueled interest in Titan as a target for further exploration to study prebiotic chemistry and the possibility of habitability beyond Earth.','Titan',12,2,12,2,'Sightseeing the majestic storms, marveling at the mesmerizing cloud formations, capturing breathtaking photos of the turbulent atmosphere, experiencing the thrill of witnessing atmospheric drama, and feeling the awe of standing in the midst of cosmic spectacle.','Sky diving, Para Gliding','Whirlwind, turbulent, tempestuous, tumultuous, chaotic, unpredictable, fierce, cyclonic, raging, tumultuous, turbulent, atmospheric mayhem.','Great aurora, solar eclipse'),(18,6,4.2,562000000,'The \"bright spot\" on Uranus is not a well-known or prominent feature like those found on some other planets. Uranus\'s atmosphere is primarily composed of hydrogen, helium, and methane, which gives it a bland, pale blue appearance. Any \"bright spots\" or variations in Uranus\'s atmosphere would be subtle and not as easily distinguishable as, for example, the Great Red Spot on Jupiter or the polar ice caps on Mars. Uranus\'s features are generally more subdued and less defined, making it challenging to identify specific bright spots or landmarks on the planet\'s surface. It\'s essential to note that our knowledge of Uranus is limited, and further observations and missions may reveal more details about its atmosphere and surface features in the future.','Bright Spot',5,1,16,2,'Sightseeing the majestic storms, marveling at the mesmerizing cloud formations, capturing breathtaking photos of the turbulent atmosphere, experiencing the thrill of witnessing atmospheric drama, and feeling the awe of standing in the midst of cosmic spectacle.','Sky diving, Para Gliding','Whirlwind, turbulent, tempestuous, tumultuous, chaotic, unpredictable, fierce, cyclonic, raging, tumultuous, turbulent, atmospheric mayhem.','Great aurora, solar eclipse'),(19,6,4.7,598000000,'Auroras on Uranus are a captivating and rare phenomenon in the solar system. Unlike the auroras on Earth and other planets, Uranus\' auroras are primarily observed in the ultraviolet and X-ray spectra due to the planet\'s lack of a substantial magnetic field and its peculiar axial tilt. Uranus\' magnetic field is tilted at a 59-degree angle from its rotational axis, causing the magnetic poles to be significantly offset from the geographic poles. This misalignment results in auroras occurring at unusual latitudes, making them challenging to observe from Earth. When solar winds interact with the planet\'s magnetosphere, it can trigger faint and sporadic auroras. These auroras provide valuable insights into the magnetic and atmospheric properties of this unique ice giant.','Auroras',17,3,13,1,'Sightseeing the majestic storms, marveling at the mesmerizing cloud formations, capturing breathtaking photos of the turbulent atmosphere, experiencing the thrill of witnessing atmospheric drama, and feeling the awe of standing in the midst of cosmic spectacle.','Sky diving, Para Gliding','Whirlwind, turbulent, tempestuous, tumultuous, chaotic, unpredictable, fierce, cyclonic, raging, tumultuous, turbulent, atmospheric mayhem.','Great aurora, solar eclipse'),(20,6,4.2,511000000,'Titania is one of Uranus\' largest and most notable moons. It\'s the eighth-largest moon in the solar system. Titania\'s surface is characterized by a mixture of old, heavily cratered terrain and relatively younger, smoother regions. It features a variety of impact craters, valleys, and fault lines. One of its most prominent features is the massive crater, Ursula, which is nearly 200 miles (320 kilometers) in diameter. Titania\'s geological history is marked by a combination of resurfacing events, likely due to past tectonic activity, and impact cratering. This moon is believed to be composed mainly of water ice with some rock. Titania, along with other moons of Uranus, continues to be a subject of study and interest for scientists exploring the dynamics and history of the Uranian system.','Titania',17,3,18,1,'Sightseeing the majestic storms, marveling at the mesmerizing cloud formations, capturing breathtaking photos of the turbulent atmosphere, experiencing the thrill of witnessing atmospheric drama, and feeling the awe of standing in the midst of cosmic spectacle.','Sky diving, Para Gliding','Whirlwind, turbulent, tempestuous, tumultuous, chaotic, unpredictable, fierce, cyclonic, raging, tumultuous, turbulent, atmospheric mayhem.','Great aurora, solar eclipse'),(21,6,4.4,487000000,'Umbriel is one of the major moons of Uranus, and it stands out for its intriguing and heavily cratered surface. It\'s the third-largest moon of Uranus and is about 1,170 kilometers (727 miles) in diameter. Umbriel\'s surface features numerous impact craters, suggesting a relatively ancient and geologically inactive moon. One of the most prominent features on Umbriel is a large crater named Wunda, which has a diameter of about 131 kilometers (81 miles). The moon\'s surface is predominantly composed of water ice and dark, carbonaceous materials, which give it a distinct appearance. Umbriel\'s quiet and scarred surface has piqued the interest of planetary scientists, as its geological history holds clues to the early history and bombardment history of moons in the Uranian system.','Umbriel',14,1,14,1,'Sightseeing the majestic storms, marveling at the mesmerizing cloud formations, capturing breathtaking photos of the turbulent atmosphere, experiencing the thrill of witnessing atmospheric drama, and feeling the awe of standing in the midst of cosmic spectacle.','Sky diving, Para Gliding','Whirlwind, turbulent, tempestuous, tumultuous, chaotic, unpredictable, fierce, cyclonic, raging, tumultuous, turbulent, atmospheric mayhem.','Great aurora, solar eclipse'),(22,3,4.5,9600000000,'Maat Mons, a breathtaking feature on the second planet from the Sun, Venus, stands as a testament to the planet\'s geological mysteries. This colossal shield volcano, with its distinct appearance, has intrigued scientists and space enthusiasts alike. Rising nearly 5 miles (8 kilometers) high, Maat Mons dominates Venus\'s landscape. Its unique shield shape, characterized by broad, gently sloping flanks, sets it apart from terrestrial volcanoes. The caldera at its summit spans an impressive 15 miles (25 kilometers) in diameter, a colossal expanse that hints at the powerful forces that shaped it. With an aura of mystery surrounding Maat Mons, researchers continue to study this enigmatic wonder. Its location in Venus\'s northern hemisphere, surrounded by an array of other volcanic features, paints a complex picture of the planet\'s geological history. Unraveling the secrets of Maat Mons is a tantalizing journey into the heart of Venus\'s geological past and, perhaps, its present.','Maat Mons',16,3,15,2,'Sightseeing the majestic storms, marveling at the mesmerizing cloud formations, capturing breathtaking photos of the turbulent atmosphere, experiencing the thrill of witnessing atmospheric drama, and feeling the awe of standing in the midst of cosmic spectacle.','Sky diving, Para Gliding','Whirlwind, turbulent, tempestuous, tumultuous, chaotic, unpredictable, fierce, cyclonic, raging, tumultuous, turbulent, atmospheric mayhem.','Great aurora, solar eclipse'),(23,3,5.0,8000000000,'Welcome to Maxwell Montes, a towering peak on the enigmatic planet Venus! Named after the pioneering Scottish physicist James Clerk Maxwell, this extraordinary location is a testament to the awe-inspiring forces of planetary geology. Rising nearly 7 miles (11 kilometers) above the surrounding terrain, Maxwell Montes stands as the highest mountain on Venus and one of the most prominent features in our solar system. Situated near Venus\' equator, it\'s a rugged world of extremes, with peaks that pierce through the thick, scorching Venusian atmosphere. The mountain\'s surface is a complex mosaic of ridges, valleys, and vast lava plains, shaped by intense volcanic activity. The mountainside is veiled in an ever-present cloak of thick clouds and acidic rain, with surface temperatures that can soar to a blistering 900 degrees Fahrenheit (475 degrees Celsius). Maxwell Montes offers a unique opportunity to study the geologic processes that have shaped Venus, providing critical insights into our understanding of planetary evolution. Despite its harsh conditions, it beckons to the imaginations of scientists and explorers alike, challenging us to unlock the secrets hidden beneath its veiled surface.','Maxwell Montes',4,3,18,2,'Sightseeing the majestic storms, marveling at the mesmerizing cloud formations, capturing breathtaking photos of the turbulent atmosphere, experiencing the thrill of witnessing atmospheric drama, and feeling the awe of standing in the midst of cosmic spectacle.','Sky diving, Para Gliding','Whirlwind, turbulent, tempestuous, tumultuous, chaotic, unpredictable, fierce, cyclonic, raging, tumultuous, turbulent, atmospheric mayhem.','Great aurora, solar eclipse'),(24,3,1.9,7000000000,'Step into a world like no other, where molten rivers of lava crisscross the barren terrain of Venus. These lava plains are a testament to the extreme conditions that exist on our neighboring planet. The surface temperatures here can soar to a scorching 900 degrees Fahrenheit (475 degrees Celsius), hot enough to melt lead.As you explore the Venusian lava plains, you\'ll be captivated by the surreal beauty of the volcanic landscape. Towering volcanoes, some reaching heights that rival Earth\'s tallest mountains, punctuate the horizon. Their peaks are often shrouded in thick clouds of sulfuric acid, adding an eerie and ethereal quality to the vista.','Lava Plains',16,3,16,2,'Sightseeing the majestic storms, marveling at the mesmerizing cloud formations, capturing breathtaking photos of the turbulent atmosphere, experiencing the thrill of witnessing atmospheric drama, and feeling the awe of standing in the midst of cosmic spectacle.','Sky diving, Para Gliding','Whirlwind, turbulent, tempestuous, tumultuous, chaotic, unpredictable, fierce, cyclonic, raging, tumultuous, turbulent, atmospheric mayhem.','Great aurora, solar eclipse'),(25,3,2.5,6000000000,'Nestled amidst the relentless tempests of Venus, Ishtar Terra stands as a breathtaking enigma in the cosmic expanse. This highland region, shrouded in perpetual cloud cover, beckons intrepid explorers with its otherworldly beauty and intriguing mysteries. Ishtar Terra boasts colossal mountain ranges, where peaks thrust defiantly through thick sulfuric clouds, casting surreal shadows on the barren surface below. The terrain, punctuated by vast lava plains and jagged ridges, presents a landscape both haunting and captivating. Among its geological wonders, the Maxwell Montes reigns supreme, soaring to heights unmatched elsewhere in the solar system. These towering peaks provide a stunning vantage point to witness Venus\'s swirling atmosphere and fierce winds, while its lower valleys cradle labyrinthine riverbeds etched by eons of relentless weathering.','Ishtar Terra',15,1,16,1,'Sightseeing the majestic storms, marveling at the mesmerizing cloud formations, capturing breathtaking photos of the turbulent atmosphere, experiencing the thrill of witnessing atmospheric drama, and feeling the awe of standing in the midst of cosmic spectacle.','Sky diving, Para Gliding','Whirlwind, turbulent, tempestuous, tumultuous, chaotic, unpredictable, fierce, cyclonic, raging, tumultuous, turbulent, atmospheric mayhem.','Great aurora, solar eclipse'),(26,3,4.5,3200000000,'Aphrodite Terra, situated on the scorching surface of Venus, is a mesmerizing expanse of highlands that beckon exploration. This captivating region is named after the Greek goddess of love and beauty, fittingly, as its rugged beauty is otherworldly. As you journey through Aphrodite Terra, you\'ll be awestruck by its dramatic contrasts. Aphrodite Terra is a geological enigma, with its origins still not fully understood. Volcanic activity, tectonic forces, and extreme temperatures have sculpted this surreal landscape. The scorching temperatures, corrosive atmosphere, and crushing pressure make it a harsh environment for exploration, but robotic missions have ventured here, providing invaluable insights into Venus\'s mysterious past.','Aphrodite Terra',9,1,13,2,'Sightseeing the majestic storms, marveling at the mesmerizing cloud formations, capturing breathtaking photos of the turbulent atmosphere, experiencing the thrill of witnessing atmospheric drama, and feeling the awe of standing in the midst of cosmic spectacle.','Sky diving, Para Gliding','Whirlwind, turbulent, tempestuous, tumultuous, chaotic, unpredictable, fierce, cyclonic, raging, tumultuous, turbulent, atmospheric mayhem.','Great aurora, solar eclipse'),(27,8,4.1,1900000,'Embark on a celestial journey to Earth\'s very own natural satellite, the Moon, where space tourists can experience the awe-inspiring beauty of our closest cosmic companion. As you set foot on the lunar surface, be captivated by the stark contrast of its dark plains and bright, cratered landscapes against the infinite black backdrop of space. Imagine witnessing Earthrise - a breathtaking spectacle where our blue planet rises above the lunar horizon, reminding visitors of the preciousness of our home amidst the vastness of the cosmos. Explore the historic landing sites of past lunar missions, walk in the footsteps of astronauts, and gaze at the countless stars that illuminate the Moon\'s night sky. Our space tourism expedition offers a once-in-a-lifetime opportunity to marvel at the same sights that have inspired humanity for generations, making the Moon an unforgettable destination where dreams of space come true.','Moon',12,3,18,1,'Sightseeing the majestic storms, marveling at the mesmerizing cloud formations, capturing breathtaking photos of the turbulent atmosphere, experiencing the thrill of witnessing atmospheric drama, and feeling the awe of standing in the midst of cosmic spectacle.','Sky diving, Para Gliding','Whirlwind, turbulent, tempestuous, tumultuous, chaotic, unpredictable, fierce, cyclonic, raging, tumultuous, turbulent, atmospheric mayhem.','Great aurora, solar eclipse'),(28,7,4.8,10000000000,'Welcome to Triton, where the mysteries of the cosmos come to life on the surface of Neptune\'s largest moon. Imagine stepping onto an alien world, where geysers of nitrogen gas and dust erupt, creating an otherworldly spectacle against the deep blue backdrop of Neptune\'s atmosphere. Triton\'s surface, adorned with unique icy terrains and rugged landscapes, invites intrepid space tourists to explore its captivating geography. Witness the dramatic cryovolcanoes, study the enigmatic dark streaks, and be mesmerized by the dynamic interplay of light and shadow on this distant moon. As you traverse Triton\'s surface, you\'ll uncover the secrets of its peculiar retrograde orbit and delve into the mysteries of its geologically active landscape. Our space tourism expedition offers an unparalleled opportunity to marvel at the wonders of Triton, a celestial jewel that embodies the intrigue and beauty of outer space. Prepare for an adventure that transcends terrestrial boundaries and immerses you in the enigmatic allure of this distant moon.','Triton',13,1,12,1,'Sightseeing the majestic storms, marveling at the mesmerizing cloud formations, capturing breathtaking photos of the turbulent atmosphere, experiencing the thrill of witnessing atmospheric drama, and feeling the awe of standing in the midst of cosmic spectacle.','Sky diving, Para Gliding','Whirlwind, turbulent, tempestuous, tumultuous, chaotic, unpredictable, fierce, cyclonic, raging, tumultuous, turbulent, atmospheric mayhem.','Great aurora, solar eclipse'),(29,7,4.3,887050000000,'Prepare to be entranced by one of Neptune\'s enigmatic wonders-the Small Dark Spot. On our exclusive space tourism expedition, you can marvel at this dynamic atmospheric feature, a testament to the raw power of nature on this distant ice giant. Despite its name, the Small Dark Spot is anything but insignificant. It\'s a swirling storm of immense proportions, a celestial masterpiece painting the azure canvas of Neptune\'s atmosphere with its mysterious, churning depths. Imagine gazing upon this tempest, observing the ballet of light and shadow as winds reach staggering speeds within the heart of the storm. Our expert guides will unveil the secrets behind these captivating phenomena, offering a unique opportunity to delve into the intricate weather patterns of Neptune. Join us and witness firsthand the captivating dance of celestial forces, a spectacle that epitomizes the breathtaking beauty of our solar system\'s outer realms.','Small Dark Spot',9,1,9,2,'Sightseeing the majestic storms, marveling at the mesmerizing cloud formations, capturing breathtaking photos of the turbulent atmosphere, experiencing the thrill of witnessing atmospheric drama, and feeling the awe of standing in the midst of cosmic spectacle.','Sky diving, Para Gliding','Whirlwind, turbulent, tempestuous, tumultuous, chaotic, unpredictable, fierce, cyclonic, raging, tumultuous, turbulent, atmospheric mayhem.','Great aurora, solar eclipse'),(30,7,4.0,986950000000,'Prepare to be enchanted by the celestial ballet of winds and shadows at Neptune\'s famed Great Dark Spot, a mesmerizing storm system that captures the essence of the planet\'s enigmatic allure. As you embark on our exclusive space tourism expedition, witness the dance of colossal clouds within this vast atmospheric whirlpool. Imagine standing on the precipice of an ever-changing tempest, where winds howl at staggering speeds, shaping the very fabric of Neptune\'s dynamic weather patterns. The Great Dark Spot, akin to an artist\'s brushstroke on the canvas of the cosmos, unveils the secrets of Neptune\'s turbulent atmosphere. Our expert guides will unravel the mysteries behind this atmospheric wonder, offering you a front-row seat to the grandeur of nature\'s fury. Experience the awe-inspiring spectacle of the Great Dark Spot, a testament to the boundless beauty and captivating mysteries that our solar system has to offer. Join us and witness the majesty of this extraterrestrial masterpiece, an adventure that will leave you forever mesmerized by the wonders of the universe.','Great Dark Spot',5,3,9,1,'Sightseeing the majestic storms, marveling at the mesmerizing cloud formations, capturing breathtaking photos of the turbulent atmosphere, experiencing the thrill of witnessing atmospheric drama, and feeling the awe of standing in the midst of cosmic spectacle.','Sky diving, Para Gliding','Whirlwind, turbulent, tempestuous, tumultuous, chaotic, unpredictable, fierce, cyclonic, raging, tumultuous, turbulent, atmospheric mayhem.','Great aurora, solar eclipse');
/*!40000 ALTER TABLE `locations` ENABLE KEYS */;
UNLOCK TABLES;

--
-- Table structure for table `planets`
--

DROP TABLE IF EXISTS `planets`;
/*!40101 SET @saved_cs_client     = @@character_set_client */;
/*!50503 SET character_set_client = utf8mb4 */;
CREATE TABLE `planets` (
  `id` int NOT NULL AUTO_INCREMENT,
  `name` varchar(10) DEFAULT NULL,
  `distance_in_mil` int DEFAULT NULL,
  `description` text,
  `moons` int DEFAULT NULL,
  `travel_time` decimal(3,1) DEFAULT NULL,
  `next_nearest` date DEFAULT NULL,
  PRIMARY KEY (`id`)
) ENGINE=InnoDB AUTO_INCREMENT=9 DEFAULT CHARSET=utf8mb4 COLLATE=utf8mb4_0900_ai_ci;
/*!40101 SET character_set_client = @saved_cs_client */;

--
-- Dumping data for table `planets`
--

LOCK TABLES `planets` WRITE;
/*!40000 ALTER TABLE `planets` DISABLE KEYS */;
INSERT INTO `planets` VALUES (1,'Jupiter',629,'Behold the majestic giant of our solar system - Jupiter! This gas giant is a captivating sight with its iconic Great Red Spot and numerous swirling storms. Marvel at its vast size, which could fit more than 1,300 Earths inside. Dive into the mysteries of Jupiter\'s turbulent atmosphere and learn about its many moons, including the fascinating Europa, which hides a subsurface ocean. Join us for a cosmic adventure around the largest planet in our solar system.',95,5.6,'2024-09-12'),(2,'Mercury',92,'Welcome to the closest planet to the Sun! Mercury, named after the Roman god of speed, lives up to its name as the fastest planet in our solar system. Its surface is a stark contrast - scorching during the day and freezing at night due to its lack of atmosphere to retain heat. Explore its rugged terrain, ancient impact craters, and unique rocky landscape on a space adventure like no other.',0,1.5,'2024-03-25'),(3,'Venus',41,'Journey to Earth?s \"sister planet,\" Venus, where you\'ll witness the beauty of its thick atmosphere and swirling clouds. Despite its serene appearance, Venus is a hostile world with extreme temperatures, making it the hottest planet in our solar system. Marvel at its mysterious features, including vast volcanoes and massive canyons, as you embark on a once-in-a-lifetime space odyssey.',0,1.1,'2024-01-14'),(4,'Mars',78,'Prepare for an exciting Martian adventure! Mars, often called the Red Planet, is a captivating destination with its rusty surface and intriguing geological formations. Explore its canyons, valleys, and polar ice caps. Learn about the ongoing exploration efforts to unravel the mysteries of Mars and the possibility of human colonization in the future. Get ready to experience the allure of the fourth planet from the Sun.',2,0.9,'2023-12-10'),(5,'Saturn',1275,'Prepare to be mesmerized by Saturn, the ringed wonder of our solar system! Saturn\'s stunning ring system is a sight to behold, composed of icy particles and rocky debris. Explore the intricate patterns of its rings and admire the beauty of its multiple moons, including the remarkable Titan. Delve into the scientific wonders of this gas giant while enjoying the breathtaking views that make Saturn a jewel in the night sky.',146,6.0,'2025-05-01'),(6,'Uranus',2721,'Embark on a unique journey to Uranus, the quirky planet that rolls on its side as it orbits the Sun. This ice giant is known for its peculiar rotational axis, giving it a distinct appearance in our solar system. Explore its chilly atmosphere, icy rings, and fascinating moons. Discover the secrets of Uranus\'s unique tilt and how it influences its magnetic field, making it a captivating destination for space enthusiasts.',27,10.4,'2026-08-11'),(7,'Neptune',4352,'Dive into the depths of the outer solar system and explore Neptune, the blue giant planet. Named after the god of the sea, Neptune\'s vibrant blue hue is a result of methane in its atmosphere. Witness the powerful storms and winds that sweep across its surface and marvel at the majestic Great Dark Spot. Learn about its diverse moon system, including Triton, a moon with geysers and icy plains. Join us on a celestial voyage to this distant and mysterious planet.',14,11.1,'2027-02-17'),(8,'Earth',0,'Discover the wonders of the only known planet to support life - Earth! Experience the breathtaking beauty of diverse landscapes, from vast oceans to towering mountains. Witness the harmony of nature and human civilization, and learn about the unique ecosystems that make our planet a haven for life. Join us on a space tour to appreciate the delicate balance that sustains life on Earth.',1,NULL,NULL);
/*!40000 ALTER TABLE `planets` ENABLE KEYS */;
UNLOCK TABLES;

--
-- Table structure for table `spaceships`
--

DROP TABLE IF EXISTS `spaceships`;
/*!40101 SET @saved_cs_client     = @@character_set_client */;
/*!50503 SET character_set_client = utf8mb4 */;
CREATE TABLE `spaceships` (
  `id` int NOT NULL AUTO_INCREMENT,
  `planet` int DEFAULT NULL,
  `leaving_date` date DEFAULT NULL,
  `name` varchar(20) DEFAULT NULL,
  `capacity` int DEFAULT NULL,
  `price` int DEFAULT NULL,
  PRIMARY KEY (`id`),
  KEY `planet` (`planet`),
  CONSTRAINT `spaceships_ibfk_1` FOREIGN KEY (`planet`) REFERENCES `planets` (`id`)
) ENGINE=InnoDB AUTO_INCREMENT=10 DEFAULT CHARSET=utf8mb4 COLLATE=utf8mb4_0900_ai_ci;
/*!40101 SET character_set_client = @saved_cs_client */;

--
-- Dumping data for table `spaceships`
--

LOCK TABLES `spaceships` WRITE;
/*!40000 ALTER TABLE `spaceships` DISABLE KEYS */;
INSERT INTO `spaceships` VALUES (1,1,'2024-02-14','xae12-56-ty',10,1560000),(2,1,'2023-12-31','triumph-23',20,2500000),(3,2,'2024-06-25','orion-rt56-yu',8,3000000),(4,4,'2023-11-26','yelena-ar56-u7-r',25,1000000),(5,4,'2024-04-01','ariona45-ty6',19,2500000),(6,4,'2024-08-10','ywe-4-5u9',12,3500000),(7,7,'2026-06-15','becca-56-uae',20,68000000),(8,5,'2024-08-10','gerad-67u-8k',20,88000000),(9,5,'2025-05-19','sam-ma-19',18,96000000);
/*!40000 ALTER TABLE `spaceships` ENABLE KEYS */;
UNLOCK TABLES;

--
-- Table structure for table `users`
--

DROP TABLE IF EXISTS `users`;
/*!40101 SET @saved_cs_client     = @@character_set_client */;
/*!50503 SET character_set_client = utf8mb4 */;
CREATE TABLE `users` (
  `username` varchar(15) NOT NULL,
  `first_name` varchar(10) NOT NULL,
  `last_name` varchar(10) NOT NULL,
  `email` varchar(40) NOT NULL,
  `phone` varchar(13) NOT NULL,
  `dob` date NOT NULL,
  `password` varchar(162) DEFAULT NULL,
  `gender` enum('Male','Female','Others') DEFAULT NULL,
  PRIMARY KEY (`username`),
  UNIQUE KEY `email` (`email`)
) ENGINE=InnoDB DEFAULT CHARSET=utf8mb4 COLLATE=utf8mb4_0900_ai_ci;
/*!40101 SET character_set_client = @saved_cs_client */;

--
-- Dumping data for table `users`
--

LOCK TABLES `users` WRITE;
/*!40000 ALTER TABLE `users` DISABLE KEYS */;
INSERT INTO `users` VALUES ('Akshat2003','Akshat','Kotadia','21bce125@nirmauni.ac.in','987','2003-03-09','scrypt:32768:8:1$eNxRdz1qUuzUwSGQ$94761e8bb24cdb6481df3855a82f86d87833505ab1cacdcc20957fbc17211d63e06ffeb8f5e6fcf120bf61e5072583dbc5d8aa4b99f35d634757cdab6b1a8b89','Male'),('ayush','Ayush','Shah','shahayush001@gmail.com','+919104103275','2004-12-10','scrypt:32768:8:1$CBSRX3ooxc4KPGSp$a0492279f253934616f74851b0b0a7e91c793f314521ab096dab8d7a69dc76aa85ea746ebd784146a5f2ff5d04cc40c93c099fc1e40a24b61a8949521a3ad4f3','Male'),('prakshal12','Prakshal','Sanghvi','prakshal@gmail.com','123456789','2004-01-20','scrypt:32768:8:1$P8RYbeTq9wTTkRdh$86f199a133f342c9b4f1015379a5356811cce8d4d5056db8deab4d944012d1f2ebe585a39668bb86227953e9a300658880e818c1679921a228c555a92645e297','Male');
/*!40000 ALTER TABLE `users` ENABLE KEYS */;
UNLOCK TABLES;
/*!40103 SET TIME_ZONE=@OLD_TIME_ZONE */;

/*!40101 SET SQL_MODE=@OLD_SQL_MODE */;
/*!40014 SET FOREIGN_KEY_CHECKS=@OLD_FOREIGN_KEY_CHECKS */;
/*!40014 SET UNIQUE_CHECKS=@OLD_UNIQUE_CHECKS */;
/*!40101 SET CHARACTER_SET_CLIENT=@OLD_CHARACTER_SET_CLIENT */;
/*!40101 SET CHARACTER_SET_RESULTS=@OLD_CHARACTER_SET_RESULTS */;
/*!40101 SET COLLATION_CONNECTION=@OLD_COLLATION_CONNECTION */;
/*!40111 SET SQL_NOTES=@OLD_SQL_NOTES */;

-- Dump completed on 2023-10-08 18:53:50
